,MAE,RMSE
Baseline (Lag 24h),80.54681647940075,134.85284829889358
Linear Regression (Ridge),63.44199392432353,93.16597895459891
XGBoost,28.64139747619629,45.688175201416016
